model,obs,breaches,breach_rate,p_exp,LR_uc,LR_ind,LR_cc,n00,n01,n10,n11,pi_obs,p_uc,p_ind,p_cc
ewma_normal,5263,124,0.0235607068212046,0.01,70.80451347993358,4.355894423119707,75.16040790305328,5021,117,117,7,0.0235651843405549,0.0,0.036881087732892115,0.0
ewma_t,5263,93,0.0176705301159034,0.01,25.48141196953816,4.6643074307581855,30.145719400296343,5081,88,88,5,0.0176738882554161,4.466656183810258e-07,0.03079584129451096,2.8440695054587906e-07
garch_normal,4822,111,0.0230194939858979,0.01,60.389649580233936,0.7342495393818353,61.12389911961577,4603,107,107,4,0.0230242688238954,7.771561172376096e-15,0.3915092057982985,5.340172748447003e-14
