model,obs,breaches,breach_rate,expected_rate,LR_uc,p_uc
var_99,5272,124,0.0235204855842185,0.01,70.52903257623461,0.0
var_99_t,5272,93,0.0176403641881638,0.01,25.32612144290067,4.841082448248102e-07
